City_ID,City,Country,Date,Lat,Lng,Max Temp,Humidity,Cloudiness,Wind Speed
0,Sanmenxia,CN,2021-06-13 21:33:14,34.7747,111.1814,76.41,92,100,5.03
1,Thompson,CA,2021-06-13 21:30:15,55.7435,-97.8558,53.76,76,75,10.36
2,Byron Bay,AU,2021-06-13 21:33:15,-28.65,153.6167,51.06,71,11,5.55
3,Alofi,NU,2021-06-13 21:29:57,-19.0595,-169.9187,80.49,74,53,13.8
4,Airai,TL,2021-06-13 21:33:15,-8.9266,125.4092,57.02,87,57,2.01
5,Ushuaia,AR,2021-06-13 21:33:16,-54.8,-68.3,37.06,81,75,28.77
6,Jamestown,US,2021-06-13 21:33:17,42.097,-79.2353,81.72,57,1,10.36
7,La Ronge,CA,2021-06-13 21:33:17,55.1001,-105.2842,77.25,22,20,8.05
8,Watsa,CD,2021-06-13 21:33:17,3.0372,29.5355,61.92,97,100,3.83
9,Babol,IR,2021-06-13 21:28:27,36.5513,52.679,72.25,77,0,5.93
10,Bilma,NE,2021-06-13 21:33:18,18.6853,12.9164,92.12,12,98,16.4
11,Severo-Kurilsk,RU,2021-06-13 21:33:18,50.6789,156.125,43.59,95,100,15.26
12,Hilo,US,2021-06-13 21:30:28,19.7297,-155.09,80.33,72,90,11.5
13,Kavaratti,IN,2021-06-13 21:23:33,10.5669,72.642,83.34,77,100,23.91
14,Lagoa,PT,2021-06-13 21:30:34,39.05,-27.9833,68.52,78,19,5.12
15,Derzhavinsk,KZ,2021-06-13 21:33:20,51.1,66.3167,62.67,56,15,6.2
16,New Norfolk,AU,2021-06-13 21:33:20,-42.7826,147.0587,53.65,87,99,1.21
17,Klaksvik,FO,2021-06-13 21:24:57,62.2266,-6.589,49.12,89,98,22.53
18,Zaysan,KZ,2021-06-13 21:31:20,47.4667,84.8667,47.44,75,12,9.26
19,Butaritari,KI,2021-06-13 21:33:21,3.0707,172.7902,81.93,77,96,7.67
20,Husavik,IS,2021-06-13 21:31:39,66.0449,-17.3389,37.31,92,100,20.76
21,Vaini,TO,2021-06-13 21:33:22,-21.2,-175.2,77.16,73,20,8.05
22,Rikitea,PF,2021-06-13 21:29:44,-23.1203,-134.9692,74.82,77,54,12.95
23,Chokurdakh,RU,2021-06-13 21:33:22,70.6333,147.9167,57.74,56,97,7.61
24,Riachao,BR,2021-06-13 21:33:23,-7.3619,-46.6172,81.45,46,83,2.53
25,Luderitz,NA,2021-06-13 21:23:29,-26.6481,15.1594,63.93,63,0,3.83
26,Roald,NO,2021-06-13 21:29:49,62.5833,6.1333,55.54,71,75,11.5
27,La Tuque,CA,2021-06-13 21:28:44,47.4334,-72.7824,80.85,21,100,4.61
28,Avarua,CK,2021-06-13 21:29:58,-21.2078,-159.775,77.05,65,75,12.66
29,Westport,US,2021-06-13 21:24:50,41.1415,-73.3579,75.97,73,90,4.0
30,Santander,ES,2021-06-13 21:33:24,43.4647,-3.8044,69.98,95,90,5.99
31,Fortuna,US,2021-06-13 21:23:36,40.5982,-124.1573,70.93,62,1,3.0
32,Nador,MA,2021-06-13 21:33:25,35.174,-2.9287,70.05,83,0,4.61
33,Balao,EC,2021-06-13 21:33:26,-2.9167,-79.8167,84.11,76,92,4.05
34,Bluff,NZ,2021-06-13 21:33:26,-46.6,168.3333,51.48,96,100,14.36
35,Flinders,AU,2021-06-13 21:23:36,-34.5833,150.8552,54.18,78,100,1.01
36,Georgetown,MY,2021-06-13 21:33:26,5.4112,100.3354,80.89,87,20,1.99
37,Mataura,NZ,2021-06-13 21:33:27,-46.1927,168.8643,51.35,98,100,2.95
38,Kalachinsk,RU,2021-06-13 21:33:27,55.0529,74.5751,58.12,87,17,7.11
39,Sao Joao Da Barra,BR,2021-06-13 21:24:10,-21.6403,-41.0511,69.89,76,88,12.17
40,Salinopolis,BR,2021-06-13 21:30:18,-0.6136,-47.3561,79.45,83,73,8.25
41,Faanui,PF,2021-06-13 21:33:28,-16.4833,-151.75,80.04,79,20,16.37
42,Hermanus,ZA,2021-06-13 21:33:29,-34.4187,19.2345,54.9,88,75,1.81
43,Atuona,PF,2021-06-13 21:33:29,-9.8,-139.0333,79.92,77,90,18.92
44,Albany,US,2021-06-13 21:33:29,42.6001,-73.9662,81.68,49,56,8.1
45,Torbay,CA,2021-06-13 21:24:30,47.6666,-52.7314,54.28,69,75,11.5
46,Kavieng,PG,2021-06-13 21:33:30,-2.5744,150.7967,82.51,75,14,10.98
47,Bredasdorp,ZA,2021-06-13 21:33:30,-34.5322,20.0403,49.32,87,71,4.61
48,Maningrida,AU,2021-06-13 21:33:31,-12.0667,134.2667,68.43,94,69,6.33
49,Sola,VU,2021-06-13 21:24:23,-13.8833,167.55,83.07,74,90,6.91
50,Ponta Delgada,PT,2021-06-13 21:32:53,37.7333,-25.6667,70.52,78,20,6.91
51,Hovd,MN,2021-06-13 21:33:32,48.0056,91.6419,50.5,61,39,3.94
52,Moranbah,AU,2021-06-13 21:33:32,-22.0016,148.0466,66.34,88,19,4.34
53,Kapaa,US,2021-06-13 21:29:49,22.0752,-159.319,82.38,76,40,7.0
54,Zykovo,RU,2021-06-13 21:33:33,55.9519,93.1461,52.54,97,100,6.55
55,Tasiilaq,GL,2021-06-13 21:33:33,65.6145,-37.6368,37.56,76,99,1.95
56,Dunedin,NZ,2021-06-13 21:33:34,-45.8742,170.5036,52.81,96,100,7.52
57,Upernavik,GL,2021-06-13 21:23:43,72.7868,-56.1549,36.27,86,71,1.14
58,Dolores,AR,2021-06-13 21:30:40,-36.3132,-57.6792,56.46,80,2,8.3
59,Punta Arenas,CL,2021-06-13 21:32:20,-53.15,-70.9167,39.31,81,0,18.41
60,Ler,SS,2021-06-13 21:33:35,8.3018,30.1418,78.17,65,74,3.47
61,Kaniv,UA,2021-06-13 21:33:35,49.7518,31.46,57.11,94,100,7.61
62,Riyadh,SA,2021-06-13 21:29:40,24.6877,46.7219,96.85,9,4,12.66
63,Kushima,JP,2021-06-13 21:24:26,31.4583,131.2333,71.64,96,52,4.16
64,Dikson,RU,2021-06-13 21:33:36,73.5069,80.5464,33.78,99,96,12.64
65,Nome,US,2021-06-13 21:33:37,64.5011,-165.4064,46.17,87,90,6.91
66,Poum,NC,2021-06-13 21:31:53,-20.2333,164.0167,74.48,73,55,6.93
67,Morondava,MG,2021-06-13 21:33:37,-20.2833,44.2833,69.75,79,27,6.71
68,Mirnyy,RU,2021-06-13 21:33:37,62.5353,113.9611,53.51,64,94,4.61
69,Lodja,CD,2021-06-13 21:33:38,-3.4833,23.4333,74.95,48,73,2.75
70,Carnarvon,AU,2021-06-13 21:33:38,-24.8667,113.6333,57.27,72,0,9.22
71,Katsuura,JP,2021-06-13 21:24:49,35.1333,140.3,73.11,92,100,7.85
72,Cabra,ES,2021-06-13 21:32:11,37.4725,-4.4421,80.91,53,0,6.02
73,Mayumba,GA,2021-06-13 21:33:39,-3.432,10.6554,76.01,86,24,4.81
74,Tessalit,ML,2021-06-13 21:25:02,20.1986,1.0114,99.86,9,86,3.71
75,Mar Del Plata,AR,2021-06-13 21:31:38,-38.0023,-57.5575,64.0,74,0,11.99
76,Axim,GH,2021-06-13 21:24:48,4.8699,-2.2405,80.44,83,15,9.26
77,Benghazi,LY,2021-06-13 21:33:40,32.1167,20.0667,72.21,78,0,9.37
78,Shreveport,US,2021-06-13 21:32:50,32.5251,-93.7502,97.25,54,1,5.75
79,Sitka,US,2021-06-13 21:30:23,57.0531,-135.33,62.49,55,40,0.0
80,Ulkan,RU,2021-06-13 21:33:41,57.243,107.3223,53.24,75,100,2.75
81,Hasaki,JP,2021-06-13 21:30:27,35.7333,140.8333,70.29,88,100,10.54
82,Puerto Colombia,CO,2021-06-13 21:30:51,10.9878,-74.9547,84.29,81,23,8.48
83,Hualmay,PE,2021-06-13 21:30:22,-11.0964,-77.6139,66.78,78,17,7.87
84,Vaterstetten,DE,2021-06-13 21:33:42,48.1101,11.7689,58.75,77,1,1.7
85,Hithadhoo,MV,2021-06-13 21:33:42,-0.6,73.0833,82.06,73,100,7.18
86,Saint Anthony,US,2021-06-13 21:33:43,45.0205,-93.218,96.69,23,1,4.0
87,Sorong,ID,2021-06-13 21:33:43,-0.8833,131.25,78.19,86,100,6.4
88,Puerto Ayora,EC,2021-06-13 21:33:44,-0.7393,-90.3518,78.76,74,78,12.15
89,Hobart,AU,2021-06-13 21:30:05,-42.8794,147.3294,54.01,94,75,0.0
90,Castro,BR,2021-06-13 21:33:44,-24.7911,-50.0119,50.43,82,0,3.83
91,Argentan,FR,2021-06-13 21:33:45,48.75,-0.0167,62.37,87,5,5.48
92,Busselton,AU,2021-06-13 21:33:45,-33.65,115.3333,55.09,64,95,25.23
93,Manokwari,ID,2021-06-13 21:33:46,-0.8667,134.0833,78.17,78,100,1.72
94,Russell,US,2021-06-13 21:30:14,32.3502,-85.1999,91.8,55,40,9.22
95,Broome,US,2021-06-13 21:33:46,42.2506,-75.833,84.02,60,40,1.99
96,Grand Baie,MU,2021-06-13 21:33:47,-20.0182,57.5802,74.44,70,42,7.0
97,Haines Junction,CA,2021-06-13 21:24:17,60.7522,-137.5108,64.35,39,23,6.91
98,Manta,EC,2021-06-13 21:33:48,-0.95,-80.7333,80.38,74,75,8.05
99,South Venice,US,2021-06-13 21:33:48,27.0531,-82.4243,89.98,72,40,12.66
100,Trelew,AR,2021-06-13 21:25:11,-43.249,-65.3051,50.25,46,94,10.85
101,Lavrentiya,RU,2021-06-13 21:33:49,65.5833,-171.0,35.65,97,100,9.53
102,Cidreira,BR,2021-06-13 21:33:49,-30.1811,-50.2056,60.01,77,0,8.77
103,Zhangye,CN,2021-06-13 21:33:50,38.9342,100.4517,61.57,50,1,7.74
104,Saint-Philippe,RE,2021-06-13 21:33:50,-21.3585,55.7679,71.15,78,60,13.71
105,Svetlogorsk,BY,2021-06-13 21:33:50,52.6333,29.7333,56.03,87,95,7.07
106,Kabarnet,KE,2021-06-13 21:33:51,0.4919,35.743,54.54,72,29,1.28
107,Cape Town,ZA,2021-06-13 21:30:50,-33.9258,18.4232,55.11,88,41,1.14
108,Chara,RU,2021-06-13 21:33:51,56.9064,118.2631,51.66,92,100,2.66
109,Kalanguy,RU,2021-06-13 21:33:52,51.0167,116.5167,59.65,87,100,6.11
110,Cap Malheureux,MU,2021-06-13 21:33:52,-19.9842,57.6142,74.46,70,46,7.0
111,Kosh-Agach,RU,2021-06-13 21:33:53,50.0,88.6667,37.58,81,26,4.99
112,Krasnyy Chikoy,RU,2021-06-13 21:33:53,50.3643,108.7512,49.59,85,38,2.1
113,Berlevag,NO,2021-06-13 21:24:11,70.8578,29.0864,46.35,81,75,8.05
114,Longyearbyen,SJ,2021-06-13 21:32:31,78.2186,15.6401,33.64,64,75,16.11
115,Port Alfred,ZA,2021-06-13 21:33:54,-33.5906,26.891,64.15,87,50,16.46
116,Hobyo,SO,2021-06-13 21:33:54,5.3505,48.5268,77.45,85,87,24.2
117,Lebu,CL,2021-06-13 21:33:54,-37.6167,-73.65,51.01,82,100,17.09
118,Zorgo,BF,2021-06-13 21:33:55,12.2489,-0.6158,91.15,36,96,7.05
119,Mahebourg,MU,2021-06-13 21:33:55,-20.4081,57.7,74.25,73,40,16.11
120,Mezen,RU,2021-06-13 21:33:56,65.8522,44.24,64.54,64,99,8.72
121,Pangody,RU,2021-06-13 21:33:56,65.85,74.4859,64.71,57,100,9.95
122,Arlit,NE,2021-06-13 21:24:16,18.7369,7.3853,95.0,10,0,15.52
123,Sorland,NO,2021-06-13 21:33:57,67.667,12.6934,46.13,66,98,15.99
124,Eyl,SO,2021-06-13 21:29:58,7.9803,49.8164,79.07,75,99,22.66
125,Mapiripan,CO,2021-06-13 21:33:57,2.8892,-72.1256,77.83,92,52,4.09
126,Matara,LK,2021-06-13 21:33:58,5.9485,80.5353,77.68,89,100,14.03
127,Kutum,SD,2021-06-13 21:24:01,14.2,24.6667,85.84,11,24,9.08
128,Port Lincoln,AU,2021-06-13 21:29:54,-34.7333,135.8667,57.25,79,67,8.12
129,Saskylakh,RU,2021-06-13 21:33:59,71.9167,114.0833,41.47,54,7,10.98
130,Turtas,RU,2021-06-13 21:33:59,58.9417,69.1325,58.06,71,84,4.25
131,Acapulco,MX,2021-06-13 21:34:00,16.8634,-99.8901,84.02,74,75,5.75
132,Anadyr,RU,2021-06-13 21:25:09,64.75,177.4833,43.3,81,75,13.0
133,Taltal,CL,2021-06-13 21:30:10,-25.4,-70.4833,61.7,74,23,5.61
134,Shingu,JP,2021-06-13 21:34:00,33.7333,135.9833,71.91,88,100,4.56
135,Along,IN,2021-06-13 21:34:01,28.1667,94.7667,73.96,98,66,1.86
136,San Patricio,US,2021-06-13 21:24:24,28.017,-97.5169,94.95,41,6,4.7
137,Yellowknife,CA,2021-06-13 21:34:01,62.456,-114.3525,68.56,52,20,13.8
138,Oranjemund,NA,2021-06-13 21:34:02,-28.55,16.4333,56.1,80,9,5.68
139,Souillac,MU,2021-06-13 21:34:02,-20.5167,57.5167,74.35,73,40,16.11
140,Pevek,RU,2021-06-13 21:34:02,69.7008,170.3133,40.1,69,100,2.93
141,Beloha,MG,2021-06-13 21:24:21,-25.1667,45.05,65.12,86,3,2.82
142,Cairns,AU,2021-06-13 21:34:03,-16.9167,145.7667,73.35,94,90,0.0
143,Constitucion,CL,2021-06-13 21:20:29,-35.3333,-72.4167,59.11,84,100,8.84
144,Nerchinskiy Zavod,RU,2021-06-13 21:34:04,51.3088,119.61,60.28,92,100,1.5
145,Provideniya,RU,2021-06-13 21:34:04,64.3833,-173.3,35.82,98,100,14.2
146,Winnemucca,US,2021-06-13 21:34:04,40.973,-117.7357,95.05,11,1,13.8
147,Kisumu,KE,2021-06-13 21:34:05,-0.1022,34.7617,64.53,87,11,3.76
148,Presidente Medici,BR,2021-06-13 21:34:05,-11.1753,-61.9014,77.18,68,5,3.4
149,Pontianak,ID,2021-06-13 21:34:06,-0.0333,109.3333,73.38,100,90,2.3
150,Isangel,VU,2021-06-13 21:34:06,-19.55,169.2667,77.11,94,75,0.0
151,Esperance,AU,2021-06-13 21:34:06,-33.8667,121.9,51.64,74,3,17.81
152,Kloulklubed,PW,2021-06-13 21:34:07,7.0419,134.2556,75.7,76,100,13.18
153,Aasiaat,GL,2021-06-13 21:34:07,68.7098,-52.8699,35.4,85,100,6.29
154,Samarai,PG,2021-06-13 21:34:08,-10.6167,150.6667,80.71,79,37,6.11
155,Valparaiso,CL,2021-06-13 21:22:17,-33.0393,-71.6273,57.43,83,0,3.44
156,Arraial Do Cabo,BR,2021-06-13 21:30:00,-22.9661,-42.0278,69.76,60,40,4.61
157,Lima,PE,2021-06-13 21:34:07,-12.0432,-77.0282,70.9,69,90,5.75
158,Saldanha,ZA,2021-06-13 21:34:09,-33.0117,17.9442,46.45,84,5,3.8
159,Geraldton,AU,2021-06-13 21:30:23,-28.7667,114.6,64.13,77,75,9.22
160,Gorontalo,ID,2021-06-13 21:34:09,0.5412,123.0595,74.1,91,86,3.49
161,Kirakira,SB,2021-06-13 21:34:10,-10.4544,161.9205,82.4,67,73,10.0
162,Khatanga,RU,2021-06-13 21:34:10,71.9667,102.5,42.82,65,100,15.1
163,Poso,ID,2021-06-13 21:34:10,-1.3959,120.7524,76.33,84,84,3.49
164,Broken Hill,AU,2021-06-13 21:34:11,-31.95,141.4333,49.71,76,90,3.44
165,Akdepe,TM,2021-06-13 21:34:11,42.0551,59.3788,84.2,12,0,19.06
166,Koroni,GR,2021-06-13 21:34:12,36.8,21.95,72.07,85,5,9.8
167,Ussuriysk,RU,2021-06-13 21:34:12,43.7986,131.9508,62.42,100,100,3.0
168,Belaya Gora,RU,2021-06-13 21:34:12,68.5333,146.4167,62.53,49,100,10.58
169,Dana Point,US,2021-06-13 21:30:55,33.467,-117.6981,104.05,70,30,5.01
170,Onguday,RU,2021-06-13 21:34:13,50.75,86.15,40.86,93,80,2.19
171,Tiksi,RU,2021-06-13 21:30:36,71.6872,128.8694,38.93,87,100,5.73
172,Kodiak,US,2021-06-13 21:34:14,57.79,-152.4072,53.11,76,40,6.91
173,Kulhudhuffushi,MV,2021-06-13 21:30:36,6.6221,73.07,83.07,71,95,18.37
174,Bhakkar,PK,2021-06-13 21:30:21,31.6253,71.0657,86.76,48,0,2.51
175,Kaihua,CN,2021-06-13 21:34:14,23.3687,104.28,66.49,96,99,3.11
176,Manado,ID,2021-06-13 21:34:15,1.487,124.8455,75.97,94,40,1.14
177,Bograd,RU,2021-06-13 21:34:15,54.2344,90.8328,51.55,93,100,7.74
178,San Ramon,US,2021-06-13 21:28:03,37.7799,-121.978,88.23,48,1,5.99
179,Cabedelo,BR,2021-06-13 21:34:16,-6.9811,-34.8339,77.67,84,5,9.8
180,Kayes,ML,2021-06-13 21:34:16,14.0,-11.0,90.88,40,96,8.12
181,Qaanaaq,GL,2021-06-13 21:34:16,77.484,-69.3632,36.66,76,90,1.19
182,Jefferson City,US,2021-06-13 21:29:44,38.5767,-92.1735,92.5,25,1,6.91
183,Baruun-Urt,MN,2021-06-13 21:34:17,46.6806,113.2792,58.37,84,100,15.28
184,Leningradskiy,RU,2021-06-13 21:34:17,69.3833,178.4167,38.12,81,17,12.75
185,Norman Wells,CA,2021-06-13 21:25:06,65.282,-126.8329,53.64,71,75,13.8
186,Port Keats,AU,2021-06-13 21:30:05,-14.25,129.55,67.75,48,76,3.51
187,San Policarpo,PH,2021-06-13 21:34:18,12.1791,125.5072,76.75,85,80,3.42
188,Sioux Lookout,CA,2021-06-13 21:29:47,50.1001,-91.917,73.47,46,75,9.22
189,Chuy,UY,2021-06-13 21:30:37,-33.6971,-53.4616,57.51,83,0,6.22
190,Pyryatyn,UA,2021-06-13 21:34:19,50.2445,32.5107,55.63,96,63,6.67
191,Gizo,SB,2021-06-13 21:34:19,-8.103,156.8419,82.17,77,27,4.23
192,Waipawa,NZ,2021-06-13 21:34:20,-41.4122,175.5153,56.44,84,100,6.24
193,Batemans Bay,AU,2021-06-13 21:30:14,-35.7167,150.1833,52.2,87,99,3.8
194,Bay-Khaak,RU,2021-06-13 21:34:20,51.1667,94.5,43.92,82,9,2.33
195,Codrington,AU,2021-06-13 21:34:21,-38.2667,141.9667,49.55,80,100,6.33
196,Nikolskoye,RU,2021-06-13 21:34:21,59.7035,30.7861,60.69,86,100,6.71
197,Clyde River,CA,2021-06-13 21:34:21,70.4692,-68.5914,32.23,86,90,14.97
198,Kamaishi,JP,2021-06-13 21:32:07,39.2667,141.8833,68.95,84,98,1.41
199,Tazovskiy,RU,2021-06-13 21:25:24,67.4667,78.7,53.55,74,100,7.78
200,Hofn,IS,2021-06-13 21:24:45,64.2539,-15.2082,39.88,80,100,12.5
201,College,US,2021-06-13 21:30:49,64.8569,-147.8028,72.23,55,75,0.0
202,Klyuchi,RU,2021-06-13 21:34:22,52.2667,79.1667,55.96,91,75,6.78
203,Tete,MZ,2021-06-13 21:34:23,-16.1564,33.5867,63.93,59,0,2.21
204,Nosy Varika,MG,2021-06-13 21:34:23,-20.5833,48.5333,67.86,97,100,13.35
205,Malazgirt,TR,2021-06-13 21:34:24,39.1427,42.5401,55.9,61,17,2.64
206,Vestmannaeyjar,IS,2021-06-13 21:31:52,63.4427,-20.2734,44.1,83,100,2.98
207,Havelock,US,2021-06-13 21:32:52,34.8791,-76.9013,80.58,84,75,5.99
208,Tilichiki,RU,2021-06-13 21:34:24,60.4667,166.1,53.67,52,1,10.13
209,Shiyan,CN,2021-06-13 21:29:42,32.6475,110.7781,76.06,96,100,1.32
210,Ponta Do Sol,PT,2021-06-13 21:29:55,32.6667,-17.1,70.72,80,47,4.99
211,Portland,US,2021-06-13 21:32:44,45.5234,-122.6762,67.98,91,90,1.99
212,Bengkulu,ID,2021-06-13 21:34:25,-3.8004,102.2655,75.81,84,81,3.65
213,Saint George,US,2021-06-13 21:22:18,37.1041,-113.5841,104.43,7,1,1.01
214,Green River,US,2021-06-13 21:34:26,41.5286,-109.4662,92.19,6,0,15.46
215,Antofagasta,CL,2021-06-13 21:30:37,-23.65,-70.4,67.21,56,6,4.14
216,Gaziantep,TR,2021-06-13 21:34:27,37.0594,37.3825,69.46,52,0,0.0
217,Bosaso,SO,2021-06-13 21:30:26,11.2842,49.1816,94.46,34,98,23.15
218,Asau,RO,2021-06-13 21:31:29,46.4333,26.4,52.72,87,81,4.21
219,Ubala,CO,2021-06-13 21:34:28,4.7478,-72.5369,81.12,82,14,0.54
220,Vila Franca Do Campo,PT,2021-06-13 21:34:28,37.7167,-25.4333,70.21,90,45,4.38
221,Champerico,GT,2021-06-13 21:34:29,14.3,-91.9167,85.35,72,100,5.53
222,Nanortalik,GL,2021-06-13 21:34:29,60.1432,-45.2371,36.79,88,96,6.89
223,Turbat,PK,2021-06-13 21:34:30,26.0023,63.044,83.97,79,0,6.02
224,Narsaq,GL,2021-06-13 21:34:30,60.9167,-46.05,52.02,75,74,4.79
225,Richards Bay,ZA,2021-06-13 21:24:33,-28.783,32.0377,66.16,51,6,7.07
226,Tonj,SS,2021-06-13 21:34:31,7.2737,28.6822,77.36,71,90,3.56
227,Adolfo Lopez Mateos,MX,2021-06-13 21:30:36,28.4667,-107.3,86.94,12,0,23.2
228,Bantogon,PH,2021-06-13 21:34:31,6.5333,124.0333,77.36,85,100,3.87
229,Saint-Denis,FR,2021-06-13 21:34:32,48.9167,2.3333,69.58,53,0,3.44
230,Sarangani,PH,2021-06-13 21:31:50,5.4033,125.4636,82.29,73,99,2.35
231,Meulaboh,ID,2021-06-13 21:30:43,4.1363,96.1285,76.71,88,95,4.68
232,Guerrero Negro,MX,2021-06-13 21:24:52,27.9769,-114.0611,72.05,62,13,17.52
233,Ribeira Grande,PT,2021-06-13 21:34:33,38.5167,-28.7,70.21,75,18,3.85
234,Lasa,IT,2021-06-13 21:31:01,46.6166,10.7002,73.31,79,2,4.45
235,Cabo San Lucas,MX,2021-06-13 21:30:18,22.8909,-109.9124,94.51,69,75,10.36
236,Bethel,US,2021-06-13 21:29:54,41.3712,-73.414,78.85,70,90,6.91
237,Vilyuysk,RU,2021-06-13 21:34:34,63.7553,121.6247,59.36,45,18,4.99
238,Quatre Cocos,MU,2021-06-13 21:34:34,-20.2078,57.7625,74.08,70,36,16.58
239,Asyut,EG,2021-06-13 21:34:34,27.181,31.1837,84.38,31,1,20.89
240,Mezhova,UA,2021-06-13 21:34:35,48.2532,36.7347,58.91,90,6,7.02
241,Pitimbu,BR,2021-06-13 21:34:35,-7.4706,-34.8086,77.59,86,24,9.35
242,Batagay-Alyta,RU,2021-06-13 21:30:37,67.8006,130.4114,56.5,44,49,8.63
243,Semiletka,RU,2021-06-13 21:34:36,55.3603,54.6153,56.89,83,88,6.55
244,Naregal,IN,2021-06-13 21:34:36,15.5833,75.8167,72.28,85,100,21.54
245,Miri,MY,2021-06-13 21:34:37,4.4148,114.0089,75.34,94,40,1.14
246,Kropotkin,RU,2021-06-13 21:25:09,45.4375,40.5756,62.49,86,41,0.98
247,Beba,CU,2021-06-13 21:34:37,22.4437,-79.7253,73.67,74,99,9.28
248,Comodoro Rivadavia,AR,2021-06-13 21:25:17,-45.8667,-67.5,46.26,61,40,9.22
249,Ust-Koksa,RU,2021-06-13 21:34:38,50.2696,85.6108,37.92,91,26,0.96
250,Iqaluit,CA,2021-06-13 21:34:38,63.7506,-68.5145,44.33,70,75,8.05
251,Altamont,US,2021-06-13 21:34:39,42.2068,-121.7372,80.89,29,40,5.99
252,Poya,NC,2021-06-13 21:34:39,-21.35,165.15,75.78,67,50,4.21
253,Merrill,US,2021-06-13 21:34:40,45.1805,-89.6835,84.15,39,75,9.22
254,Jacobina,BR,2021-06-13 21:34:40,-11.1806,-40.5183,71.6,81,98,7.31
255,Jining,CN,2021-06-13 21:34:40,35.405,116.5814,80.01,1,99,8.66
256,Williams Lake,CA,2021-06-13 21:34:23,52.1415,-122.1445,65.77,52,75,4.0
257,Zambezi,ZM,2021-06-13 21:34:41,-13.5432,23.1047,52.38,43,35,6.13
258,Mundo Nuevo,MX,2021-06-13 21:34:41,18.7,-95.5,82.35,77,92,17.92
259,Viedma,AR,2021-06-13 21:34:42,-40.8135,-62.9967,52.41,69,100,10.16
260,Vila Velha,BR,2021-06-13 21:24:48,-20.3297,-40.2925,69.75,78,40,9.22
261,Chengde,CN,2021-06-13 21:34:42,40.9725,117.9361,69.6,95,100,2.55
262,Aripuana,BR,2021-06-13 21:30:33,-9.1667,-60.6333,82.6,52,51,0.83
263,Beringovskiy,RU,2021-06-13 21:34:43,63.05,179.3167,33.67,100,100,13.38
264,Mazamari,PE,2021-06-13 21:34:44,-11.3258,-74.5308,77.58,68,43,0.63
265,Acarau,BR,2021-06-13 21:30:48,-2.8856,-40.12,79.11,80,21,11.36
266,Santa Rosa,PH,2021-06-13 21:32:40,14.3122,121.1114,81.91,90,100,0.72
267,Aginskoye,RU,2021-06-13 21:34:44,51.1,114.53,58.19,88,100,6.22
268,San Cristobal,VE,2021-06-13 21:30:40,7.7669,-72.225,78.98,69,100,4.05
269,Bow Island,CA,2021-06-13 21:34:45,49.8668,-111.3684,86.02,26,47,9.22
270,Seguin,US,2021-06-13 21:30:01,29.5688,-97.9647,100.51,51,1,3.0
271,Grindavik,IS,2021-06-13 21:34:45,63.8424,-22.4338,46.35,87,75,11.5
272,Calama,CL,2021-06-13 21:34:46,-22.4667,-68.9333,70.29,5,0,20.71
273,Creel,MX,2021-06-13 21:34:46,27.75,-107.6333,84.25,14,24,19.37
274,Shache,CN,2021-06-13 21:30:20,38.4167,77.2406,74.93,29,100,6.38
275,Cherskiy,RU,2021-06-13 21:34:47,68.75,161.3,59.0,38,81,5.39
276,Slave Lake,CA,2021-06-13 21:30:14,55.2834,-114.769,75.18,22,90,14.97
277,Juba,SS,2021-06-13 21:34:47,4.8517,31.5825,70.66,82,44,3.98
278,Aurora,US,2021-06-13 21:34:33,39.7294,-104.8319,97.79,25,40,5.01
279,Tiverton,GB,2021-06-13 21:34:48,50.9,-3.4833,63.03,84,4,2.15
280,Urumqi,CN,2021-06-13 21:30:21,43.801,87.6005,54.55,77,75,24.61
281,Namatanai,PG,2021-06-13 21:31:27,-3.6667,152.4333,81.57,69,71,5.82
282,Nsoko,SZ,2021-06-13 21:34:49,-27.0333,31.95,61.03,57,4,3.49
283,Rongcheng,CN,2021-06-13 21:34:49,30.634,117.8517,75.87,96,100,3.4
284,Taoudenni,ML,2021-06-13 21:34:49,22.6783,-3.9836,103.5,9,7,12.15
285,Rio Verde De Mato Grosso,BR,2021-06-13 21:34:50,-18.9181,-54.8442,71.65,52,0,2.42
286,Laguna,US,2021-06-13 21:34:50,38.421,-121.4238,93.45,34,1,4.0
287,Auki,SB,2021-06-13 21:34:51,-8.7676,160.7034,80.38,82,97,4.07
288,Harnosand,SE,2021-06-13 21:34:51,62.6323,17.9379,53.01,64,99,5.19
289,Maine-Soroa,NE,2021-06-13 21:21:18,13.2114,12.0241,87.48,44,58,16.08
290,Mlonggo,ID,2021-06-13 21:34:52,-6.5333,110.7,78.69,83,97,4.88
291,Aykhal,RU,2021-06-13 21:34:52,66.0,111.5,42.1,97,100,16.6
292,Cockburn Town,TC,2021-06-13 21:34:52,21.4612,-71.1419,84.16,70,20,13.8
293,Havre-Saint-Pierre,CA,2021-06-13 21:34:53,50.2334,-63.5986,52.16,58,20,20.71
294,Rocha,UY,2021-06-13 21:34:53,-34.4833,-54.3333,56.53,90,1,6.38
295,Wattegama,LK,2021-06-13 21:34:54,6.7989,81.4808,76.12,73,100,10.02
296,Komsomolskiy,UZ,2021-06-13 21:34:54,40.4272,71.7189,69.22,52,3,2.3
297,Barcelos,PT,2021-06-13 21:30:58,41.5388,-8.6151,73.85,86,75,5.06
298,Paamiut,GL,2021-06-13 21:25:01,61.994,-49.6678,38.16,89,46,13.42
299,Port Antonio,JM,2021-06-13 21:34:55,18.18,-76.4612,86.92,76,100,13.65
300,Barrow,US,2021-06-13 21:34:55,71.2906,-156.7887,35.62,93,90,12.66
301,Kruisfontein,ZA,2021-06-13 21:34:56,-34.0033,24.7314,52.88,88,37,7.02
302,Manavalakurichi,IN,2021-06-13 21:34:56,8.1333,77.3,78.89,86,100,14.81
303,Mahon,ES,2021-06-13 21:34:57,39.8885,4.2658,73.96,60,0,3.44
304,High Level,CA,2021-06-13 21:34:57,58.5169,-117.136,75.31,29,75,5.75
305,Imbituba,BR,2021-06-13 21:34:57,-28.24,-48.6703,62.49,83,0,4.94
306,Rudbar,AF,2021-06-13 21:30:25,30.15,62.6,90.93,10,0,9.8
307,Yaan,NG,2021-06-13 21:25:13,7.3833,8.5667,79.21,76,68,3.36
308,Kharp,RU,2021-06-13 21:34:58,66.8014,65.8081,60.78,76,59,3.98
309,Stornoway,GB,2021-06-13 21:34:59,58.2093,-6.3865,55.92,82,75,11.5
310,Bambous Virieux,MU,2021-06-13 21:34:59,-20.3428,57.7575,74.21,73,40,16.11
311,Maua,BR,2021-06-13 21:35:00,-23.6678,-46.4614,57.0,93,1,7.25
312,Lubana,LV,2021-06-13 21:35:00,56.9,26.7167,50.88,97,57,7.05
313,Price,US,2021-06-13 21:35:00,39.5994,-110.8107,94.71,4,1,11.5
314,Victoria,HK,2021-06-13 21:33:32,22.2855,114.1577,84.38,89,100,11.01
315,Havre,FR,2021-06-13 21:31:40,49.5833,0.3333,64.17,72,0,6.91
316,Chernaya Kholunitsa,RU,2021-06-13 21:35:01,58.8511,51.7154,57.92,97,53,6.26
317,Santa Isabel Do Rio Negro,BR,2021-06-13 21:35:01,-0.4139,-65.0192,76.87,93,82,2.51
318,Karauli,IN,2021-06-13 21:35:02,26.5,77.0167,91.56,43,19,6.93
319,San Jose,US,2021-06-13 21:34:56,37.3394,-121.895,86.72,49,20,1.99
320,Nouadhibou,MR,2021-06-13 21:35:02,20.931,-17.0347,69.78,78,69,23.02
321,Hambantota,LK,2021-06-13 21:31:44,6.1241,81.1185,77.34,100,75,4.61
322,Alappuzha,IN,2021-06-13 21:35:03,9.49,76.3264,80.31,84,100,17.6
323,Corbelia,BR,2021-06-13 21:30:05,-24.7989,-53.3067,63.75,79,0,2.24
324,Dingle,PH,2021-06-13 21:25:31,10.9995,122.6711,75.79,90,91,0.65
325,San Quintin,MX,2021-06-13 21:35:04,30.4833,-115.95,71.55,66,3,17.34
326,Kumluca,TR,2021-06-13 21:35:04,36.3703,30.2869,72.41,70,35,2.62
327,Piacabucu,BR,2021-06-13 21:31:15,-10.4056,-36.4344,75.13,85,49,6.44
328,Aden,YE,2021-06-13 21:35:04,12.7794,45.0367,90.32,54,81,5.7
329,Lichinga,MZ,2021-06-13 21:35:05,-13.3128,35.2406,53.69,71,0,3.18
330,Loralai,PK,2021-06-13 21:35:05,30.3705,68.598,79.36,49,0,9.82
331,Camapua,BR,2021-06-13 21:35:06,-19.5314,-54.0439,69.1,50,0,5.06
332,Fomboni,KM,2021-06-13 21:35:06,-12.28,43.7425,78.08,68,4,15.7
333,Naze,JP,2021-06-13 21:30:23,28.3667,129.4833,74.84,86,100,4.18
334,Florianopolis,BR,2021-06-13 21:33:22,-27.6146,-48.5012,61.63,69,0,4.61
335,Tuktoyaktuk,CA,2021-06-13 21:35:07,69.4541,-133.0374,35.6,100,90,8.05
336,Hammerfest,NO,2021-06-13 21:35:07,70.6634,23.6821,45.05,87,75,24.16
337,Ushtobe,KZ,2021-06-13 21:35:08,45.2514,77.9838,55.87,41,0,11.18
338,Sisophon,KH,2021-06-13 21:35:08,13.5859,102.9737,75.58,89,100,4.61
339,Peace River,CA,2021-06-13 21:30:15,56.2501,-117.286,77.31,23,75,11.5
340,Whitehorse,CA,2021-06-13 21:30:15,60.7161,-135.0538,63.1,54,75,5.01
341,Niagara Falls,CA,2021-06-13 21:35:09,43.1001,-79.0663,83.5,57,1,8.05
342,Porto Empedocle,IT,2021-06-13 21:35:09,37.2934,13.5264,71.91,68,4,6.26
343,Buta,CD,2021-06-13 21:35:10,2.7858,24.73,72.99,84,100,2.28
344,Novyy Urengoy,RU,2021-06-13 21:35:10,66.0833,76.6333,63.43,60,71,8.14
345,Beidao,CN,2021-06-13 21:35:10,34.5686,105.8933,64.15,87,100,7.92
346,Port Elizabeth,ZA,2021-06-13 21:34:40,-33.918,25.5701,59.29,82,40,14.97
347,Koutsouras,GR,2021-06-13 21:35:11,35.0339,25.9469,71.76,70,56,4.92
348,Ranong,TH,2021-06-13 21:35:12,9.9658,98.6348,78.51,90,100,8.75
349,San Jeronimo,PE,2021-06-13 21:31:03,-11.9472,-75.2829,55.04,66,30,6.44
350,Marion,US,2021-06-13 21:33:08,39.7684,-86.1555,88.79,46,20,14.97
351,Sao Filipe,CV,2021-06-13 21:25:12,14.8961,-24.4956,75.67,85,96,6.91
352,Brandon,US,2021-06-13 21:30:59,27.9378,-82.2859,90.23,75,90,1.99
353,Doha,QA,2021-06-13 21:34:12,25.2867,51.5333,89.58,25,0,4.61
354,Coquimbo,CL,2021-06-13 21:32:02,-29.9533,-71.3436,56.93,71,75,8.05
355,Bandarbeyla,SO,2021-06-13 21:35:13,9.4942,50.8122,78.6,78,97,30.06
356,Dhidhdhoo,MV,2021-06-13 21:35:13,6.8833,73.1,83.23,72,88,19.1
357,Daru,PG,2021-06-13 21:25:18,-9.0763,143.2092,77.85,90,58,7.31
358,Puerto Baquerizo Moreno,EC,2021-06-13 21:29:48,-0.9,-89.6,72.59,88,75,5.75
359,Touros,BR,2021-06-13 21:30:35,-5.1989,-35.4608,79.7,76,63,14.74
360,Lake Charles,US,2021-06-13 21:35:15,30.2131,-93.2044,100.38,47,40,3.44
361,Nuevo Progreso,MX,2021-06-13 21:35:15,23.1667,-97.95,89.6,64,80,7.0
362,Maralal,KE,2021-06-13 21:35:15,1.0968,36.698,57.52,71,12,5.23
363,Kizukuri,JP,2021-06-13 21:35:16,40.8061,140.3861,66.11,88,97,0.4
364,Kamina,CD,2021-06-13 21:35:16,-8.7386,24.9906,60.8,48,8,3.44
365,Zhuhai,CN,2021-06-13 21:31:00,22.2769,113.5678,84.11,89,40,14.97
366,Quang Ngai,VN,2021-06-13 21:32:54,15.1167,108.8,78.91,70,100,3.71
367,Umm Lajj,SA,2021-06-13 21:35:17,25.0213,37.2685,92.35,30,0,5.26
368,Zaraza,VE,2021-06-13 21:35:18,9.3503,-65.3245,87.03,49,20,7.67
369,Oxelosund,SE,2021-06-13 21:35:18,58.6706,17.1015,57.52,66,0,4.61
370,Port Hedland,AU,2021-06-13 21:35:19,-20.3167,118.5667,62.65,72,9,6.91
371,Hamilton,US,2021-06-13 21:32:11,39.1834,-84.5333,89.55,57,75,10.36
372,Pijijiapan,MX,2021-06-13 21:35:19,15.7011,-93.23,84.4,78,97,4.72
373,Yenagoa,NG,2021-06-13 21:35:20,4.9247,6.2642,76.35,87,36,3.44
374,Solnechnyy,RU,2021-06-13 21:35:20,50.7214,136.6319,56.62,58,2,3.38
375,The Valley,AI,2021-06-13 21:35:20,18.217,-63.0578,84.06,74,20,14.97
376,Zyryanka,RU,2021-06-13 21:35:21,65.75,150.85,71.31,30,20,7.96
377,Puerto Del Rosario,ES,2021-06-13 21:35:21,28.5004,-13.8627,69.55,73,75,18.41
378,Ilebo,CD,2021-06-13 21:35:21,-4.3167,20.5833,73.17,44,40,1.99
379,Le Moule,GP,2021-06-13 21:35:22,16.3332,-61.3473,84.24,71,46,14.47
380,Nynashamn,SE,2021-06-13 21:35:22,58.9034,17.9479,55.94,85,7,8.61
381,Brodokalmak,RU,2021-06-13 21:35:23,55.5748,62.082,56.3,59,45,8.43
382,Tairua,NZ,2021-06-13 21:35:23,-37.0167,175.85,59.09,96,99,9.08
383,Walvis Bay,NA,2021-06-13 21:35:23,-22.9575,14.5053,68.95,28,20,12.66
384,Parrita,CR,2021-06-13 21:34:24,9.5201,-84.3225,85.77,74,99,5.64
385,Vardo,NO,2021-06-13 21:35:24,70.3705,31.1107,46.6,78,100,10.31
386,Bassano,CA,2021-06-13 21:35:25,50.7834,-112.4685,84.96,27,97,15.26
387,Tambacounda,SN,2021-06-13 21:35:25,13.7539,-13.7586,89.65,55,0,6.91
388,Mount Isa,AU,2021-06-13 21:35:26,-20.7333,139.5,51.57,37,79,0.0
389,Pacific Grove,US,2021-06-13 21:35:26,36.6177,-121.9166,88.14,74,1,1.99
390,Glencoe,ZA,2021-06-13 21:35:27,-28.1783,30.147,50.56,36,13,4.36
391,Bourail,NC,2021-06-13 21:35:27,-21.5667,165.4833,74.17,67,59,2.84
392,Inuvik,CA,2021-06-13 21:31:07,68.3499,-133.7218,49.21,87,90,8.05
393,Pangkalanbuun,ID,2021-06-13 21:35:27,-2.6833,111.6167,73.35,99,67,2.59
394,Rangia,IN,2021-06-13 21:35:28,26.4667,91.6333,75.15,83,96,4.16
395,Da Nang,VN,2021-06-13 21:35:28,16.0678,108.2208,84.18,58,20,6.91
396,Casablanca,MA,2021-06-13 21:34:48,33.5928,-7.6192,69.33,64,0,11.01
397,Ancud,CL,2021-06-13 21:35:29,-41.8697,-73.8203,44.13,74,9,8.28
398,Petropavlovsk-Kamchatskiy,RU,2021-06-13 21:35:29,53.0452,158.6483,45.19,100,75,2.24
399,Aanekoski,FI,2021-06-13 21:35:30,62.6946,25.818,51.87,90,29,8.32
400,Sur,OM,2021-06-13 21:35:30,22.5667,59.5289,89.01,59,0,4.03
401,Shagamu,NG,2021-06-13 21:35:30,6.8432,3.6478,82.18,84,44,4.07
402,Svetlyy,RU,2021-06-13 21:35:31,54.675,20.1347,51.85,90,6,5.55
403,Igrim,RU,2021-06-13 21:35:31,63.1906,64.4162,65.37,55,74,5.93
404,Takab,IR,2021-06-13 21:35:32,36.4009,47.1133,54.45,36,0,3.96
405,Ixtapa,MX,2021-06-13 21:35:32,20.7,-105.2,83.43,74,90,11.5
406,Nanakuli,US,2021-06-13 21:35:32,21.3906,-158.1547,82.35,61,90,9.22
407,Montecristo,CO,2021-06-13 21:35:33,8.2971,-74.4733,81.03,92,100,1.52
408,Belmonte,BR,2021-06-13 21:30:54,-15.8631,-38.8828,73.9,74,96,14.12
409,Cheremukhovo,RU,2021-06-13 21:35:33,60.3484,59.9851,57.22,91,99,4.92
410,Flin Flon,CA,2021-06-13 21:35:34,54.7682,-101.865,76.84,31,20,13.8
411,Egvekinot,RU,2021-06-13 21:29:28,66.3167,-179.1667,39.09,67,60,5.73
412,Mount Gambier,AU,2021-06-13 21:35:34,-37.8333,140.7667,48.11,87,57,5.75
413,Ola,RU,2021-06-13 21:35:35,59.5833,151.2833,53.06,55,72,3.09
414,Angoche,MZ,2021-06-13 21:35:35,-16.2325,39.9086,68.61,84,0,7.81
415,Mount Pleasant,US,2021-06-13 21:32:09,32.7941,-79.8626,80.98,81,75,1.01
416,Vagur,FO,2021-06-13 21:35:35,61.4732,-6.8119,48.11,88,100,27.11
417,Campos Novos,BR,2021-06-13 21:35:36,-27.4017,-51.225,49.75,84,0,4.92
418,Skegness,GB,2021-06-13 21:33:51,53.1436,0.3363,71.82,83,85,10.29
419,Te Anau,NZ,2021-06-13 21:29:59,-45.4167,167.7167,49.3,95,90,1.28
420,Swansea,GB,2021-06-13 21:33:24,51.6208,-3.9432,67.62,84,57,1.99
421,Yulara,AU,2021-06-13 21:35:37,-25.2406,130.9889,51.64,82,75,8.05
422,Porgera,PG,2021-06-13 21:35:37,-5.4667,143.2,45.5,94,93,1.48
423,Heihe,CN,2021-06-13 21:35:38,50.2441,127.4902,59.58,72,50,4.61
424,Pangnirtung,CA,2021-06-13 21:35:38,66.1451,-65.7125,37.17,95,98,1.5
425,Ketchikan,US,2021-06-13 21:29:25,55.3422,-131.6461,64.87,63,40,9.22
426,Lompoc,US,2021-06-13 21:35:39,34.6391,-120.4579,84.69,75,1,14.97
427,Padang,ID,2021-06-13 21:31:07,-0.9492,100.3543,77.77,84,49,4.61
428,Anloga,GH,2021-06-13 21:35:39,5.7947,0.8973,82.62,79,20,11.65
429,Gerga,RU,2021-06-13 21:35:40,42.3465,47.9633,65.84,80,100,7.02
430,East London,ZA,2021-06-13 21:35:40,-33.0153,27.9116,65.12,61,91,12.57
431,Vao,NC,2021-06-13 21:35:40,-22.6667,167.4833,73.65,82,99,6.2
432,Sistranda,NO,2021-06-13 21:35:41,63.7256,8.834,54.9,87,100,35.32
433,Buraydah,SA,2021-06-13 21:35:41,26.326,43.975,90.05,17,0,9.71
434,Zhigansk,RU,2021-06-13 21:31:17,66.7697,123.3711,52.16,83,100,1.83
435,Mareeba,AU,2021-06-13 21:32:13,-17.0,145.4333,68.72,97,56,1.77
436,Soyo,AO,2021-06-13 21:35:42,-6.1349,12.3689,76.23,87,3,8.99
437,Lashio,MM,2021-06-13 21:30:56,22.9333,97.75,69.33,99,98,1.01
438,Mali,GN,2021-06-13 21:35:43,12.079,-12.2982,69.12,87,100,5.82
439,Sukhumi,GE,2021-06-13 21:35:43,43.0033,41.0153,62.8,85,0,5.82
440,Makakilo City,US,2021-06-13 21:35:43,21.3469,-158.0858,80.92,57,90,9.22
441,Chernukha,RU,2021-06-13 21:35:39,55.5974,43.7556,58.14,97,51,5.7
442,Rassvet,RU,2021-06-13 21:35:44,46.8333,40.75,64.99,96,6,4.7
443,Huron,US,2021-06-13 21:35:44,41.1501,-82.5499,82.42,57,22,12.01
444,Pisco,PE,2021-06-13 21:31:20,-13.7,-76.2167,66.25,72,0,10.36
445,Kahului,US,2021-06-13 21:35:45,20.8947,-156.47,81.66,72,40,19.57
446,Gondanglegi,ID,2021-06-13 21:35:45,-7.7479,112.0132,74.28,92,100,5.21
447,Pachino,IT,2021-06-13 21:35:46,36.7186,15.0907,66.24,66,5,10.65
448,Moose Jaw,CA,2021-06-13 21:35:46,50.4001,-105.5344,79.29,18,38,4.61
449,Amazar,RU,2021-06-13 21:35:46,53.858,120.875,58.82,98,100,2.48
450,Uvat,RU,2021-06-13 21:35:47,59.1433,68.8953,58.82,70,87,4.43
451,Antsohihy,MG,2021-06-13 21:35:47,-14.8796,47.9875,71.96,91,91,3.15
452,Serebryansk,KZ,2021-06-13 21:35:48,49.6925,83.2892,40.55,92,2,2.71
453,Inta,RU,2021-06-13 21:35:48,66.0317,60.1659,57.67,81,5,7.38
454,Mehndawal,IN,2021-06-13 21:35:49,26.9753,83.1117,77.5,92,100,11.43
455,Vanimo,PG,2021-06-13 21:35:49,-2.6741,141.3028,78.1,91,52,4.65
456,Santa Cruz,BO,2021-06-13 21:31:32,-17.8,-63.1667,77.05,47,1,10.36
457,Chunhuhub,MX,2021-06-13 21:35:50,19.55,-88.6833,73.15,98,100,1.1
458,Esfarayen,IR,2021-06-13 21:35:50,37.0765,57.5101,73.06,35,0,4.74
459,Upington,ZA,2021-06-13 21:35:50,-28.4478,21.2561,66.58,30,16,10.36
460,Muncar,ID,2021-06-13 21:35:51,-8.4333,114.3333,76.62,90,60,2.55
461,Balkanabat,TM,2021-06-13 21:35:51,39.5108,54.3671,83.14,39,0,9.17
462,Halen,BE,2021-06-13 21:35:52,50.9487,5.1122,66.22,64,4,2.3
463,Ilulissat,GL,2021-06-13 21:31:02,69.2167,-51.1,37.42,75,75,4.61
464,Anqing,CN,2021-06-13 21:35:52,30.5092,117.0506,78.1,91,94,3.36
465,Manyana,BW,2021-06-13 21:35:53,-23.4,21.7167,55.53,39,15,5.28
466,Rio Gallegos,AR,2021-06-13 21:35:53,-51.6226,-69.2181,37.45,75,0,13.8
467,Chatra,IN,2021-06-13 21:35:54,24.2167,84.8667,76.98,94,100,2.51
468,Velikiy Ustyug,RU,2021-06-13 21:35:54,60.7644,46.3106,57.88,98,70,4.38
469,Ishigaki,JP,2021-06-13 21:35:54,24.3448,124.1572,82.53,94,40,9.22
470,Ghanzi,BW,2021-06-13 21:35:55,-21.5667,21.7833,54.43,38,3,4.43
471,Castlegar,CA,2021-06-13 21:35:55,49.2998,-117.6689,79.11,48,96,3.06
472,Sinnamary,GF,2021-06-13 21:31:50,5.3833,-52.95,78.71,86,59,6.8
473,Vestmanna,FO,2021-06-13 21:32:38,62.1564,-7.1664,47.32,100,90,16.11
474,Aiken,US,2021-06-13 21:35:56,33.5835,-81.5998,85.32,68,90,10.36
475,Esqueda,MX,2021-06-13 21:35:56,30.7167,-109.5833,104.49,7,1,5.35
476,Biltine,TD,2021-06-13 21:31:40,14.5333,20.9167,90.21,28,100,4.41
477,Jiangyou,CN,2021-06-13 21:35:57,31.7667,104.7167,74.46,88,99,2.82
478,Haysville,US,2021-06-13 21:35:57,37.5645,-97.3523,93.69,44,1,9.22
479,Tigil,RU,2021-06-13 21:35:58,57.8,158.6667,60.31,50,0,5.68
480,Marawi,PH,2021-06-13 21:35:58,7.9986,124.2928,65.64,93,28,2.98
481,Rosario,AR,2021-06-13 21:32:14,-32.9468,-60.6393,68.95,60,0,1.01
482,Baturaja,ID,2021-06-13 21:35:58,-4.1333,104.1667,72.77,98,86,2.95
483,Dudinka,RU,2021-06-13 21:32:20,69.4058,86.1778,46.85,73,79,12.84
484,Zaranj,AF,2021-06-13 21:35:59,30.9667,61.8833,91.36,12,0,17.18
485,San Angelo,US,2021-06-13 21:35:24,31.4638,-100.437,100.94,32,1,1.99
486,Ballymena,GB,2021-06-13 21:36:00,54.8636,-6.2763,62.83,98,79,5.46
487,Puerto Escondido,MX,2021-06-13 21:36:00,15.85,-97.0667,86.83,54,40,5.75
488,Keetmanshoop,NA,2021-06-13 21:36:01,-26.5833,18.1333,61.72,31,9,5.75
489,Severnyy,RU,2021-06-13 21:36:01,50.677,36.5532,60.84,94,0,6.71
490,Emerald,AU,2021-06-13 21:32:41,-23.5333,148.1667,66.34,100,90,3.44
491,Amapa,BR,2021-06-13 21:30:59,1.0,-52.0,74.48,95,100,0.72
492,Safaga,EG,2021-06-13 21:36:02,26.7292,33.9365,87.75,42,0,16.35
493,Half Moon Bay,US,2021-06-13 21:36:02,37.4636,-122.4286,86.81,61,20,10.36
494,Umaria,IN,2021-06-13 21:36:03,23.5333,80.8333,81.36,71,100,4.65
495,Vung Tau,VN,2021-06-13 21:36:03,10.346,107.0843,80.67,83,100,9.84
496,Shimoda,JP,2021-06-13 21:36:03,34.6667,138.95,68.11,79,100,2.37
497,Antalaha,MG,2021-06-13 21:36:04,-14.9003,50.2788,69.78,93,14,3.69
498,Udachnyy,RU,2021-06-13 21:36:04,66.4167,112.4,43.25,89,100,19.64
499,Denpasar,ID,2021-06-13 21:36:05,-8.65,115.2167,78.46,94,40,5.75
500,Adrar,MR,2021-06-13 21:30:21,20.5022,-10.0711,98.69,13,81,11.72
501,Ratnagiri,IN,2021-06-13 21:36:05,16.9833,73.3,79.63,89,100,14.99
502,Myitkyina,MM,2021-06-13 21:36:06,25.3833,97.4,75.2,99,84,1.01
503,Winslow,US,2021-06-13 21:36:06,35.0242,-110.6974,104.18,4,1,5.99
504,Sompeta,IN,2021-06-13 21:36:06,18.9333,84.6,82.76,79,100,6.69
505,Tevriz,RU,2021-06-13 21:36:07,57.509,72.4042,60.55,73,62,3.09
506,Qasigiannguit,GL,2021-06-13 21:36:07,68.8193,-51.1922,37.65,86,99,4.32
507,Palembang,ID,2021-06-13 21:31:51,-2.9167,104.7458,74.8,95,96,3.69
508,Narodychi,UA,2021-06-13 21:36:08,51.2029,29.0823,54.64,92,99,6.89
509,Nacala,MZ,2021-06-13 21:32:04,-14.5428,40.6728,65.37,90,10,6.55
510,Waddan,LY,2021-06-13 21:31:50,29.1614,16.139,75.52,38,0,13.71
511,Manavgat,TR,2021-06-13 21:36:09,36.7867,31.4431,75.83,79,35,2.37
512,Camacha,PT,2021-06-13 21:36:09,33.0833,-16.3333,66.96,77,40,11.5
513,Zharkent,KZ,2021-06-13 21:36:10,44.1628,80.0,55.8,35,47,3.33
514,Gilgit,PK,2021-06-13 21:36:10,35.9221,74.3087,71.58,53,100,5.17
515,Takefu,JP,2021-06-13 21:36:10,35.9039,136.1669,69.46,94,100,3.85
516,Kampot,KH,2021-06-13 21:36:11,10.6167,104.1833,84.25,86,83,5.75
517,Borogontsy,RU,2021-06-13 21:36:11,62.6683,131.1683,57.38,46,23,6.42
518,Crestview,US,2021-06-13 21:36:12,30.7621,-86.5705,94.95,50,75,4.61
519,Shemursha,RU,2021-06-13 21:36:12,54.8866,47.5189,59.49,95,89,6.11
520,Nemuro,JP,2021-06-13 21:36:13,43.3236,145.575,50.2,98,95,6.87
521,Okhotsk,RU,2021-06-13 21:36:13,59.3833,143.3,49.41,66,52,10.51
522,Bom Jesus Da Lapa,BR,2021-06-13 21:36:13,-13.255,-43.4181,81.99,45,100,8.81
523,Jesup,US,2021-06-13 21:36:14,31.6074,-81.8854,85.93,58,40,0.0
524,Olafsvik,IS,2021-06-13 21:36:14,64.8945,-23.7142,40.57,80,98,27.6
525,Kenora,CA,2021-06-13 21:36:15,49.8167,-94.4337,77.97,31,75,16.11
526,Dokka,NO,2021-06-13 21:36:15,60.84,10.0618,58.06,71,100,3.8
527,Nimbahera,IN,2021-06-13 21:36:16,24.6167,74.6833,87.1,54,29,14.94
528,Henties Bay,NA,2021-06-13 21:36:16,-22.116,14.2845,62.85,61,11,8.39
529,Phillaur,IN,2021-06-13 21:36:16,31.0292,75.7842,85.08,65,94,3.24
530,Sonder Bjert,DK,2021-06-13 21:36:17,55.4527,9.5674,57.78,94,1,6.91
531,Alyangula,AU,2021-06-13 21:36:17,-13.8483,136.4192,64.27,94,48,3.44
532,Estelle,US,2021-06-13 21:34:03,29.8458,-90.1067,98.01,55,90,5.75
533,Ucluelet,CA,2021-06-13 21:35:19,48.9329,-125.5528,68.09,86,79,1.01
534,Manali,IN,2021-06-13 21:36:18,13.1667,80.2667,86.09,68,100,18.14
535,Grand-Lahou,CI,2021-06-13 21:36:18,5.1367,-5.0242,79.02,87,73,8.7
536,Kapit,MY,2021-06-13 21:36:19,2.0167,112.9333,72.16,95,93,1.12
537,Iskateley,RU,2021-06-13 21:36:19,67.6803,53.1512,65.46,48,96,12.35
538,Desaguadero,PE,2021-06-13 21:36:20,-16.5656,-69.0417,47.86,30,1,10.04
